<metadata xml:lang="en"><Esri><CreaDate>20140913</CreaDate><CreaTime>14293900</CreaTime><ArcGISFormat>1.0</ArcGISFormat><ArcGISstyle>Item Description</ArcGISstyle><SyncOnce>FALSE</SyncOnce><DataProperties><itemProps><itemName Sync="FALSE">PARCELS_PUBLIC</itemName><imsContentType Sync="TRUE">002</imsContentType><nativeExtBox><westBL Sync="TRUE">6376815.910000</westBL><eastBL Sync="TRUE">6544060.130000</eastBL><southBL Sync="TRUE">1818309.280000</southBL><northBL Sync="TRUE">2076824.030000</northBL><exTypeCode Sync="TRUE">1</exTypeCode></nativeExtBox><itemLocation><protocol Sync="TRUE">Local Area Network</protocol><linkage Sync="FALSE">withheld</linkage></itemLocation><itemSize Sync="TRUE">0.000</itemSize></itemProps><coordRef><type Sync="TRUE">Projected</type><geogcsn Sync="TRUE">GCS_North_American_1983</geogcsn><csUnits Sync="TRUE">Linear Unit: Foot_US (0.304801)</csUnits><projcsn Sync="TRUE">NAD_1983_StatePlane_California_II_FIPS_0402_Feet</projcsn><peXml Sync="TRUE">&lt;ProjectedCoordinateSystem xsi:type='typens:ProjectedCoordinateSystem' xmlns:xsi='http://www.w3.org/2001/XMLSchema-instance' xmlns:xs='http://www.w3.org/2001/XMLSchema' xmlns:typens='http://www.esri.com/schemas/ArcGIS/10.8'&gt;&lt;WKT&gt;PROJCS[&amp;quot;NAD_1983_StatePlane_California_II_FIPS_0402_Feet&amp;quot;,GEOGCS[&amp;quot;GCS_North_American_1983&amp;quot;,DATUM[&amp;quot;D_North_American_1983&amp;quot;,SPHEROID[&amp;quot;GRS_1980&amp;quot;,6378137.0,298.257222101]],PRIMEM[&amp;quot;Greenwich&amp;quot;,0.0],UNIT[&amp;quot;Degree&amp;quot;,0.0174532925199433]],PROJECTION[&amp;quot;Lambert_Conformal_Conic&amp;quot;],PARAMETER[&amp;quot;False_Easting&amp;quot;,6561666.666666666],PARAMETER[&amp;quot;False_Northing&amp;quot;,1640416.666666667],PARAMETER[&amp;quot;Central_Meridian&amp;quot;,-122.0],PARAMETER[&amp;quot;Standard_Parallel_1&amp;quot;,38.33333333333334],PARAMETER[&amp;quot;Standard_Parallel_2&amp;quot;,39.83333333333334],PARAMETER[&amp;quot;Latitude_Of_Origin&amp;quot;,37.66666666666666],UNIT[&amp;quot;Foot_US&amp;quot;,0.3048006096012192],AUTHORITY[&amp;quot;EPSG&amp;quot;,2226]]&lt;/WKT&gt;&lt;XOrigin&gt;-115211800&lt;/XOrigin&gt;&lt;YOrigin&gt;-93821500&lt;/YOrigin&gt;&lt;XYScale&gt;36983428.057351544&lt;/XYScale&gt;&lt;ZOrigin&gt;-100000&lt;/ZOrigin&gt;&lt;ZScale&gt;10000&lt;/ZScale&gt;&lt;MOrigin&gt;-100000&lt;/MOrigin&gt;&lt;MScale&gt;10000&lt;/MScale&gt;&lt;XYTolerance&gt;0.0032808333333333331&lt;/XYTolerance&gt;&lt;ZTolerance&gt;0.001&lt;/ZTolerance&gt;&lt;MTolerance&gt;0.001&lt;/MTolerance&gt;&lt;HighPrecision&gt;true&lt;/HighPrecision&gt;&lt;WKID&gt;102642&lt;/WKID&gt;&lt;LatestWKID&gt;2226&lt;/LatestWKID&gt;&lt;/ProjectedCoordinateSystem&gt;</peXml></coordRef><lineage><Process Date="20200206" Name="" Time="150536" ToolSource="c:\program files (x86)\arcgis\desktop10.6\ArcToolbox\Toolboxes\Data Management Tools.tbx\ChangePrivileges" export="">ChangePrivileges 'Database Connections\gis - maingis.sde\MAINGIS.GIS.PARCEL_CROP_TYPE';'Database Connections\gis - maingis.sde\MAINGIS.GIS.PARCELS';'Database Connections\gis - maingis.sde\MAINGIS.GIS.PARCELS_ACCELA';'Database Connections\gis - maingis.sde\MAINGIS.GIS.PARCELS_ACCELA_PUBLIC';'Database Connections\gis - maingis.sde\MAINGIS.GIS.PARCELS_AVIGATION';'Database Connections\gis - maingis.sde\MAINGIS.GIS.PARCELS_LABELS';'Database Connections\gis - maingis.sde\maingis.GIS.PARCELS_PF';'Database Connections\gis - maingis.sde\MAINGIS.GIS.PARCELS_PUBLIC';'Database Connections\gis - maingis.sde\maingis.gis.PARCELS_WILLACT' gis_edit_role AS_IS AS_IS</Process><Process ToolSource="c:\program files (x86)\arcgis\desktop10.8\ArcToolbox\Toolboxes\Conversion Tools.tbx\FeatureClassToFeatureClass" Date="20220609" Time="083550">FeatureClassToFeatureClass "Database Connections\gis - maingisDANGER.sde\MAINGIS.GIS.PARCELS_PUBLIC" "Z:\Projects\Active\_Extra_Help\Online Catalog Monthly Uploads\2022\2022_06_June" parcels_public.shp # "ASMT "ASMT" true true false 50 Text 0 0 ,First,#,Database Connections\gis - maingisDANGER.sde\MAINGIS.GIS.PARCELS_PUBLIC,ASMT,-1,-1;ASMTWithDa "ASMTWithDa" true true false 15 Text 0 0 ,First,#,Database Connections\gis - maingisDANGER.sde\MAINGIS.GIS.PARCELS_PUBLIC,ASMTWithDash,-1,-1;Acres "Acres" true false false 8 Double 2 8 ,First,#,Database Connections\gis - maingisDANGER.sde\MAINGIS.GIS.PARCELS_PUBLIC,Acres,-1,-1;LandUse1 "LandUse1" true true false 4 Text 0 0 ,First,#,Database Connections\gis - maingisDANGER.sde\MAINGIS.GIS.PARCELS_PUBLIC,LandUse1,-1,-1;TRA "TRA" true false false 6 Text 0 0 ,First,#,Database Connections\gis - maingisDANGER.sde\MAINGIS.GIS.PARCELS_PUBLIC,TRA,-1,-1;floor "floor" true true false 2 Short 0 5 ,First,#,Database Connections\gis - maingisDANGER.sde\MAINGIS.GIS.PARCELS_PUBLIC,floor,-1,-1;Notes "Notes" true true false 255 Text 0 0 ,First,#,Database Connections\gis - maingisDANGER.sde\MAINGIS.GIS.PARCELS_PUBLIC,Notes,-1,-1;Shape_STAr "Shape_STAr" false false true 0 Double 0 0 ,First,#,Database Connections\gis - maingisDANGER.sde\MAINGIS.GIS.PARCELS_PUBLIC,Shape.STArea(),-1,-1;Shape_STLe "Shape_STLe" false false true 0 Double 0 0 ,First,#,Database Connections\gis - maingisDANGER.sde\MAINGIS.GIS.PARCELS_PUBLIC,Shape.STLength(),-1,-1" #</Process></lineage></DataProperties><SyncDate>20220609</SyncDate><SyncTime>08352600</SyncTime><ModDate>20220609</ModDate><ModTime>08352600</ModTime><scaleRange><minScale>150000000</minScale><maxScale>5000</maxScale></scaleRange><ArcGISProfile>ItemDescription</ArcGISProfile></Esri><idinfo><descript><abstract>Public view of the parcel layer. This view is limited to only the attributes that can be seen by the general public.This Parcel layer was compiled from a number of sources. Digital data was provided by each of the local cities. These files were projected to State Plane coordinate system and combined together. The remaining areas were created from the Assessor's map books. Each page was scanned and then projected to real world coordinates then rubber sheeting was used to fit all the pieces together. The final product varies in accuracy based on location. Urban areas are relatively accurate while more rural areas are less accurate. In some cases, the parcels can be significantly off from their true location</abstract><purpose>To serve as a spatial feature showing the assessor parcel number, acres, landuse code and tax id code of parcels in Napa County.</purpose><langdata>en</langdata></descript><accconst>None.  Data is available from County of Napa by registering at website: http://gis.napa.ca.gov/giscatalog/catalog.asp.  This data is made available under the Public Domain Dedication and License version v1.0 whose full text can be found at: http://opendatacommons.org/licenses/pddl/1.0/</accconst><useconst>This GIS data is intended to provide a visual display of data for the user's convenience. Users of this data are hereby notified that the appropriate public primary information sources should be consulted for verification of the information. Although every reasonable effort has been made to assure the accuracy of this data, the County of Napa makes no warranty, representation or guaranty as to the content, sequence, accuracy, timeliness or completeness of any of the data provided herein and explicitly disclaims any representations and warranties, including, without limitation, the implied warranties of merchantability and fitness for a particular purpose. The County of Napa assumes no liability for any errors, omissions, or inaccuracies in the information provided regardless of how caused and assumes no liability for any decisions made or actions taken or not taken by the user of the data in reliance upon any information or data furnished hereunder. Because the GIS data provided is not warranted to be up-to-date, the user should check with the County staff for updated information.</useconst><native>Microsoft Windows 2000 Version 5.2 (Build 3790) Service Pack 2; ESRI ArcCatalog 9.3.1.3000</native><natvform>SDE Feature Class</natvform><ptcontac><cntinfo><cntorgp><cntorg>County of Napa ITS Department</cntorg></cntorgp><cntpos>GIS Coordinator</cntpos><cntaddr><addrtype>mailing and physical address</addrtype><address>650 Imperial Way, Suite 201</address><city>Napa</city><state>CA</state><postal>94559</postal></cntaddr><cntvoice>(707) 259-8141</cntvoice><cntfax>(707) 253-4824</cntfax><hours>M-F 8:00 am - 5:00 pm</hours></cntinfo></ptcontac><citation><citeinfo><title>MAINGIS.GIS.PARCELS_PUBLIC</title></citeinfo></citation><timeperd><current>publication date</current></timeperd><keywords><theme><themekey>boundaries</themekey><themekt>ISO 19115 Topic Category</themekt><themekey>planningCadastre</themekey></theme><place><placekey>Napa County</placekey><placekey>Napa</placekey><placekey>St. Helena</placekey><placekey>Yountville</placekey><placekey>American Canyon</placekey><placekt>Geographic Names Information System</placekt><placekey>California</placekey></place></keywords><status><progress>Complete</progress><update>Continually</update></status></idinfo><eainfo><detailed Name="parcels_public"><attr><attrdef>Feature geometry.</attrdef><attrdefs>ESRI</attrdefs><attrlabl Sync="TRUE">Shape</attrlabl><attalias Sync="TRUE">Shape</attalias><attrtype Sync="TRUE">Geometry</attrtype><attwidth Sync="TRUE">0</attwidth><atprecis Sync="TRUE">0</atprecis><attscale Sync="TRUE">0</attscale><attrdomv><udom Sync="TRUE">Coordinates defining the features.</udom></attrdomv></attr><attr><attrlabl Sync="TRUE">FID</attrlabl><attalias Sync="TRUE">FID</attalias><attrtype Sync="TRUE">OID</attrtype><attwidth Sync="TRUE">4</attwidth><atprecis Sync="TRUE">0</atprecis><attscale Sync="TRUE">0</attscale><attrdef Sync="TRUE">Internal feature number.</attrdef><attrdefs Sync="TRUE">Esri</attrdefs><attrdomv><udom Sync="TRUE">Sequential unique whole numbers that are automatically generated.</udom></attrdomv></attr><attr><attrdef>Assessor Parcel Number (APN)</attrdef><attrlabl Sync="TRUE">ASMT</attrlabl><attalias Sync="TRUE">ASMT</attalias><attrtype Sync="TRUE">String</attrtype><attwidth Sync="TRUE">50</attwidth><atprecis Sync="TRUE">0</atprecis><attscale Sync="TRUE">0</attscale></attr><attr><attrdef>Land use code</attrdef><attrlabl Sync="TRUE">Acres</attrlabl><attalias Sync="TRUE">Acres</attalias><attrtype Sync="TRUE">Double</attrtype><attwidth Sync="TRUE">9</attwidth><atprecis Sync="TRUE">8</atprecis><attscale Sync="TRUE">2</attscale></attr><attr><attrlabl Sync="TRUE">ASMTWithDa</attrlabl><attalias Sync="TRUE">ASMTWithDa</attalias><attrtype Sync="TRUE">String</attrtype><attwidth Sync="TRUE">15</attwidth><atprecis Sync="TRUE">0</atprecis><attscale Sync="TRUE">0</attscale></attr><attr><attrdef>Tax Rate Area code</attrdef><attrlabl Sync="TRUE">LandUse1</attrlabl><attalias Sync="TRUE">LandUse1</attalias><attrtype Sync="TRUE">String</attrtype><attwidth Sync="TRUE">4</attwidth><atprecis Sync="TRUE">0</atprecis><attscale Sync="TRUE">0</attscale></attr><attr><attrdef>Floor number</attrdef><attrlabl Sync="TRUE">TRA</attrlabl><attalias Sync="TRUE">TRA</attalias><attrtype Sync="TRUE">String</attrtype><attwidth Sync="TRUE">6</attwidth><atprecis Sync="TRUE">0</atprecis><attscale Sync="TRUE">0</attscale></attr><enttyp><enttypl>PARCELS_PUBLIC</enttypl><enttypd>Parcel layer with attributes</enttypd><enttypds>Dataset developer</enttypds><enttypt Sync="TRUE">Feature Class</enttypt><enttypc Sync="TRUE">0</enttypc></enttyp><attr><attrdef>Internal feature number.</attrdef><attrlabl Sync="TRUE">floor</attrlabl><attalias Sync="TRUE">floor</attalias><attrtype Sync="TRUE">Integer</attrtype><attwidth Sync="TRUE">5</attwidth><atprecis Sync="TRUE">5</atprecis><attscale Sync="TRUE">0</attscale></attr><attr><attrlabl Sync="TRUE">Notes</attrlabl><attalias Sync="TRUE">Notes</attalias><attrtype Sync="TRUE">String</attrtype><attwidth Sync="TRUE">254</attwidth><atprecis Sync="TRUE">0</atprecis><attscale Sync="TRUE">0</attscale></attr><attr><attrlabl Sync="TRUE">Shape_STAr</attrlabl><attalias Sync="TRUE">Shape_STAr</attalias><attrtype Sync="TRUE">Double</attrtype><attwidth Sync="TRUE">19</attwidth><atprecis Sync="TRUE">0</atprecis><attscale Sync="TRUE">0</attscale></attr><attr><attrlabl Sync="TRUE">Shape_STLe</attrlabl><attalias Sync="TRUE">Shape_STLe</attalias><attrtype Sync="TRUE">Double</attrtype><attwidth Sync="TRUE">19</attwidth><atprecis Sync="TRUE">0</atprecis><attscale Sync="TRUE">0</attscale></attr></detailed></eainfo><metainfo><metc><cntinfo><cntperp><cntper>REQUIRED: The person responsible for the metadata information.</cntper><cntorg>County of Napa ITS Department</cntorg></cntperp><cntpos>GIS Coordinator</cntpos><cntaddr><addrtype>mailing and physical address</addrtype><address>650 Imperial Way, Suite 201</address><city>Napa</city><state>CA</state><postal>94559</postal><country>USA</country></cntaddr><cntvoice>(707) 259-8141</cntvoice><cntfax>(707) 253-4824</cntfax><cntemail>gisstaff@co.napa.ca.us</cntemail></cntinfo></metc><langmeta>en</langmeta><metstdn>FGDC Content Standards for Digital Geospatial Metadata</metstdn><metstdv>FGDC-STD-001-1998</metstdv><mettc>local time</mettc></metainfo><dataqual><lineage><procstep><procdesc>routine updates as is done on a regular basis</procdesc><procdate>20121105</procdate></procstep><procstep><procdesc>routine updates as is done on a regular basis</procdesc><procdate>20180420</procdate></procstep><procstep><procdate>20180829</procdate><procdesc>routine updates as is done on a regular basis</procdesc></procstep><procstep><procdesc>routine updates as is done on a continuous basis</procdesc><procdate>20181016</procdate></procstep><procstep><procdesc>Routine updates done on a continuous basis</procdesc><procdate>20181128</procdate></procstep><procstep><procdesc>Routine updates done on a continuous basis</procdesc><procdate>20190102</procdate></procstep><procstep><procdesc>Routine updates done on a continuous basis</procdesc><procdate>20190211</procdate></procstep><procstep><procdesc>Routine updates done on a continuous basis</procdesc><procdate>20190311</procdate></procstep><procstep><procdesc>Routine updates done on a continuous basis</procdesc><procdate>20190404</procdate></procstep><procstep><procdesc>Routine updates done on a continuous basis</procdesc><procdate>20190507</procdate></procstep><procstep><procdesc>Routine updates done on a continuous basis</procdesc><procdate>20190617</procdate></procstep><procstep><procdesc>Routine updates done on a continuous basis</procdesc><procdate>20190703</procdate></procstep><procstep><procdesc>Routine updates done on a continuous basis</procdesc><procdate>20190903</procdate></procstep><procstep><procdesc>Routine updates done on a continuous basis</procdesc><procdate>20191106</procdate></procstep><procstep><procdesc>Routine updates done on a continuous basis</procdesc><procdate>20191218</procdate></procstep><procstep><procdesc>On-going updates</procdesc><procdate>20200106</procdate></procstep><procstep><procdesc>Update done to correct 20200106 error</procdesc><procdate>20200109</procdate></procstep><procstep><procdesc>Routine updates done on a continuous basis</procdesc><procdate>20200205</procdate></procstep><procstep><procdesc>On-going updates</procdesc><procdate>20200304</procdate></procstep><procstep><procdesc>On-going updates</procdesc><procdate>20200401</procdate></procstep><procstep><procdesc>Routine updates done on a continuous basis</procdesc><procdate>20200507</procdate></procstep><procstep><procdesc>Routine updates done on a continuous basis.</procdesc><procdate>20200603</procdate></procstep><procstep><procdesc>Routine updates done on a continuous basis.</procdesc><procdate>20200701</procdate></procstep><procstep><procdesc>Routine updates done on a continuous basis.</procdesc><procdate>20200805</procdate></procstep><procstep><procdesc>Routine updates done on a continuous basis</procdesc><procdate>20200902</procdate></procstep><procstep><procdesc>Routine updates done on a continuous basis</procdesc><procdate>20201007</procdate></procstep><procstep><procdesc>Routine updates done on a continuous basis</procdesc><procdate>20201104</procdate></procstep><procstep><procdesc>Routine updates done on a continuous basis</procdesc><procdate>20201209</procdate></procstep><procstep><procdesc>Routine updates done on a continuous basis</procdesc><procdate>20210107</procdate></procstep><procstep><procdesc>Routine updates done on a continuous basis</procdesc><procdate>20210205</procdate></procstep><procstep><procdesc>Routine updates done on a continuous basis</procdesc><procdate>20210304</procdate></procstep><procstep><procdesc>Routine updates done on a continuous basis</procdesc><procdate>20210407</procdate></procstep><procstep><procdesc>Routine updates done on a continuous basis</procdesc><procdate>20210507</procdate></procstep><procstep><procdesc>Routine updates done on a continuous basis</procdesc><procdate>20210603</procdate></procstep><procstep><procdesc>Routine updates done on a continuous basis</procdesc><procdate>20210709</procdate></procstep><procstep><procdesc>Routine updates done on a continuous basis</procdesc><procdate>20210804</procdate></procstep><procstep><procdesc>Routine updates done on a continuous basis</procdesc><procdate>20210907</procdate></procstep><procstep><procdesc>Routine updates done on a continuous basis</procdesc><procdate>20211008</procdate></procstep><procstep><procdesc>Routine updates done on a continuous basis</procdesc><procdate>20220107</procdate></procstep><procstep><procdesc>Routine updates done on a continuous basis</procdesc><procdate>20220202</procdate></procstep><procstep><procdesc>Routine updates done on a continuous basis</procdesc><procdate>20220302</procdate></procstep><procstep><procdesc>Routine updates done on a continuous basis</procdesc><procdate>20220406</procdate></procstep><procstep><procdesc>Routine updates done on a continuous basis</procdesc><procdate>20220506</procdate></procstep><procstep><procdesc>Routine updates done on a continuous basis</procdesc><procdate>20220609</procdate></procstep></lineage></dataqual><spref><horizsys><cordsysn><geogcsn>GCS_North_American_1983</geogcsn><projcsn>NAD_1983_StatePlane_California_II_FIPS_0402_Feet</projcsn></cordsysn><geodetic><horizdn>North American Datum of 1983</horizdn><ellips>Geodetic Reference System 80</ellips><semiaxis>6378137.000000</semiaxis><denflat>298.257222</denflat></geodetic></horizsys></spref><distinfo><resdesc>Downloadable Data</resdesc><distliab>County of Napa assumes no liability for any errors, omissions, or inaccuracies in the information provided regardless of how caused and assumes no liability for any decisions made or actions taken or not taken by the user of the data in reliance upon any information or data furnished hereunder. Because the GIS data provided is not warranted to be up-to-date, the user should check with the County staff for updated information.</distliab><stdorder><fees>none for digital form</fees><ordering>All available layers are located in the Data Catalog on the website http://gis.napa.ca.gov/gisdata.asp.
You can download the available layers by Registering, then returning to the site to download.</ordering></stdorder></distinfo><dataIdInfo><envirDesc Sync="TRUE"> Version 6.2 (Build 9200) ; Esri ArcGIS 10.8.1.14362</envirDesc><dataLang><languageCode Sync="TRUE" value="eng"/><countryCode Sync="TRUE" value="USA"/></dataLang><idCitation><resTitle Sync="TRUE">parcels_public</resTitle><presForm><PresFormCd Sync="TRUE" value="005"/></presForm></idCitation><spatRpType><SpatRepTypCd Sync="TRUE" value="001"/></spatRpType><dataExt><vertEle><vertMinVal Sync="TRUE">0.000000</vertMinVal><vertMaxVal Sync="TRUE">0.000000</vertMaxVal></vertEle></dataExt><dataExt><geoEle><GeoBndBox esriExtentType="search"><exTypeCode Sync="TRUE">1</exTypeCode><westBL Sync="TRUE">-122.649217</westBL><eastBL Sync="TRUE">-122.061226</eastBL><northBL Sync="TRUE">38.864947</northBL><southBL Sync="TRUE">38.153318</southBL></GeoBndBox></geoEle></dataExt><idCredit/><idCredit/><searchKeys><keyword>Boundaries</keyword><keyword>Planningcadastre</keyword></searchKeys><resConst><Consts><useLimit>&lt;DIV STYLE="text-align:Left;"&gt;&lt;DIV&gt;&lt;P&gt;&lt;SPAN&gt;This GIS data is intended to provide a visual display of data for the user's convenience. Users of this data are hereby notified that the appropriate public primary information sources should be consulted for verification of the information. Although every reasonable effort has been made to assure the accuracy of this data, the County of Napa makes no warranty, representation or guaranty as to the content, sequence, accuracy, timeliness or completeness of any of the data provided herein and explicitly disclaims any representations and warranties, including, without limitation, the implied warranties of merchantability and fitness for a particular purpose. The County of Napa assumes no liability for any errors, omissions, or inaccuracies in the information provided regardless of how caused and assumes no liability for any decisions made or actions taken or not taken by the user of the data in reliance upon any information or data furnished hereunder. Because the GIS data provided is not warranted to be up-to-date, the user should check with the County staff for updated information.&lt;/SPAN&gt;&lt;/P&gt;&lt;/DIV&gt;&lt;/DIV&gt;</useLimit></Consts></resConst><idPurp>To serve as a spatial feature showing the assessor parcel number, acres, landuse code and tax id code of parcels in Napa County.</idPurp><idAbs>&lt;DIV STYLE="text-align:Left;"&gt;&lt;DIV&gt;&lt;P&gt;&lt;SPAN&gt;Public view of the parcel layer. This view is limited to only the attributes that can be seen by the general public.&lt;/SPAN&gt;&lt;/P&gt;&lt;P&gt;&lt;SPAN&gt;This Parcel layer was compiled from a number of sources. Digital data was provided by each of the local cities. These files were projected to State Plane coordinate system and combined together. The remaining areas were created from the Assessor's map books. Each page was scanned and then projected to real world coordinates then rubber sheeting was used to fit all the pieces together. The final product varies in accuracy based on location. Urban areas are relatively accurate while more rural areas are less accurate. In some cases, the parcels can be significantly off from their true location&lt;/SPAN&gt;&lt;/P&gt;&lt;/DIV&gt;&lt;/DIV&gt;</idAbs></dataIdInfo><mdLang><languageCode Sync="TRUE" value="eng"/><countryCode Sync="TRUE" value="USA"/></mdLang><distInfo><distFormat><formatName Sync="TRUE">Shapefile</formatName></distFormat><distTranOps><transSize Sync="TRUE">0.000</transSize></distTranOps></distInfo><mdHrLv><ScopeCd Sync="TRUE" value="005"/></mdHrLv><mdHrLvName Sync="TRUE">dataset</mdHrLvName><refSysInfo><RefSystem><refSysID><identCode Sync="TRUE" code="2226"/><idCodeSpace Sync="TRUE">EPSG</idCodeSpace><idVersion Sync="TRUE">5.3(9.0.0)</idVersion></refSysID></RefSystem></refSysInfo><spatRepInfo><VectSpatRep><geometObjs Name="parcels_public"><geoObjTyp><GeoObjTypCd value="002" Sync="TRUE"></GeoObjTypCd></geoObjTyp><geoObjCnt Sync="TRUE">0</geoObjCnt></geometObjs><topLvl><TopoLevCd value="001" Sync="TRUE"></TopoLevCd></topLvl></VectSpatRep></spatRepInfo><spdoinfo><ptvctinf><esriterm Name="parcels_public"><efeatyp Sync="TRUE">Simple</efeatyp><efeageom code="4" Sync="TRUE"></efeageom><esritopo Sync="TRUE">FALSE</esritopo><efeacnt Sync="TRUE">0</efeacnt><spindex Sync="TRUE">FALSE</spindex><linrefer Sync="TRUE">TRUE</linrefer></esriterm></ptvctinf></spdoinfo><mdDateSt Sync="TRUE">20220609</mdDateSt></metadata>
